nombres;apellido
HERRERA;HERRERA
ZARATE;ZARATE
REYNAGA;REYNAGA
VILLAFANA;VILLAFANA
REVILLA;REVILLA
LLACTA;LLACTA
ROMERO;ROMERO
CIRIACO;CIRIACO
SOLIS;SOLIS
BERTRAN;BERTRAN
ELIAS;ELIAS
SING;SING
DEL AGUILA;DEL AGUILA
MANRIQUE;MANRIQUE
CHUMACERO;CHUMACERO
VASQUEZ;VASQUEZ
VASQUEZ;VASQUEZ
HUAYANEY;HUAYANEY
SALAZAR;SALAZAR
BELAPATIÑO;BELAPATIÑO
ABARCA;ABARCA
ALBIRENA;ALBIRENA
MORENO;MORENO
ROJAS;ROJAS
WILSON;WILSON
CASTILLO;CASTILLO
LEON;LEON
QUIROZ;QUIROZ
GOMEZ;GOMEZ
MOMOSAKI;MOMOSAKI
PICHEN;PICHEN
CARBAJAL;CARBAJAL
TORRES;TORRES
SANCHEZ;SANCHEZ
ACOSTA;ACOSTA
SIMONETTI;SIMONETTI
TORINO;TORINO
VALDIVIEZO;VALDIVIEZO
BALBIN;BALBIN
MOSCOL;MOSCOL
LETONA;LETONA
VASQUEZ;VASQUEZ
VASCONES;VASCONES
MORA;MORA
PLA;PLA
ROJAS;ROJAS
NUÑEZ;NUÑEZ
ESPEJO;ESPEJO
LA ROSA;LA ROSA
SANTA-MARIA;SANTA-MARIA
OYOLA;OYOLA
ARROYO;ARROYO
NAVARRETE;NAVARRETE
SALAZAR;SALAZAR
YI;YI
KLEIMBERG;KLEIMBERG
CORDOVA;CORDOVA
CAMINO;CAMINO
ALAMA;ALAMA
CADILLO;CADILLO
INGUNZA;INGUNZA
GARCIA;GARCIA
HUAMANI;HUAMANI
CORRO;CORRO
MOCHCCO;MOCHCCO
AGUILAR;AGUILAR
OVIEDO;OVIEDO
NOGALES;NOGALES
YMAN;YMAN
RODRIGUEZ;RODRIGUEZ
MALACHE;MALACHE
ANCIETA;ANCIETA
HURTADO;HURTADO
MOLINA;MOLINA
HUAMAN;HUAMAN
NAVARRO;NAVARRO
ROBLES;ROBLES
FARIAS-RIOS;FARIAS-RIOS
IBAÑEZ;IBAÑEZ
ESPINOZA;ESPINOZA
DELGADO;DELGADO
YSUIZA;YSUIZA
LEVANO;LEVANO
HUAMAN;HUAMAN
RODRIGUEZ;RODRIGUEZ
ROQUE;ROQUE
RIOS;RIOS
STEIN;STEIN
JIMENEZ;JIMENEZ
MUÑOZ;MUÑOZ
LOPEZ;LOPEZ
SALA;SALA
CAMPOS;CAMPOS
BONILLA;BONILLA
CABALA;CABALA
CUBILLAS;CUBILLAS
MONTES DE OCA;MONTES DE OCA
ZUMAETA;ZUMAETA
GUERRA;GUERRA
VASQUEZ;VASQUEZ
ROJAS;ROJAS
VEGA;VEGA
SOTO;SOTO
DELUCCHI;DELUCCHI
CHACON;CHACON
SOTELO;SOTELO
PIZARRO;PIZARRO
CABANILLAS;CABANILLAS
LEO,ENRIQUE;LEO,ENRIQUE
BROUSSEAU;BROUSSEAU
HERRERA;HERRERA
SOTELO;SOTELO
MARIN;MARIN
ARANDA;ARANDA
HUAMAN;HUAMAN
OBLITAS;OBLITAS
MUÑANTE;MUÑANTE
TERRONES;TERRONES
AGUIRRE;AGUIRRE
GONZALES;GONZALES
ALLAGUAL;ALLAGUAL
MEJIA;MEJIA
SANCHEZ;SANCHEZ
WONG;WONG
LOPEZ;LOPEZ
LAVINI;LAVINI
CHANG;CHANG
ASTO;ASTO
ALVARADO;ALVARADO
SILVA;SILVA
MANRIQUE;MANRIQUE
ARTICA;ARTICA
SANTIBAÑEZ;SANTIBAÑEZ
LANTARON;LANTARON
PAREDES;PAREDES
TORRES;TORRES
PEREYRA;PEREYRA
CORNELIO;CORNELIO
BENAVIDES;BENAVIDES
QUINTANA;QUINTANA
CATPO;CATPO
VILLANUEVA;VILLANUEVA
BENAVIDES;BENAVIDES
ARRIETA;ARRIETA
MACPHERSON;MACPHERSON
FLORES;FLORES
MEDINA;MEDINA
CHAVEZ;CHAVEZ
SALDAÑA;SALDAÑA
MENDOZA;MENDOZA
ROMAN;ROMAN
ROJAS;ROJAS
